CCNA,TSS location,strand
CCNA_00001,122,+
CCNA_R0094,182,-
CCNA_00005,3190,+
CCNA_00006,4003,+
CCNA_00007,4902,+
CCNA_00007,4908,+
CCNA_00007,4918,+
CCNA_R0095,4950,-
CCNA_00008,5481,+
CCNA_00008,6320,-
CCNA_00009,7858,-
CCNA_00010,7974,+
CCNA_00010,8019,+
CCNA_00010,8848,-
CCNA_00011,10224,-
CCNA_00013,14623,-
CCNA_00020,20611,-
CCNA_03911,20778,-
CCNA_00021,22192,-
CCNA_00023,23739,+
CCNA_00024,24238,-
CCNA_00025,26661,-
CCNA_00026,28176,-
CCNA_00028,31693,+
CCNA_00028,32708,-
CCNA_00029,32810,+
CCNA_00032,34955,-
CCNA_03912,35689,-
CCNA_00034,38746,-
CCNA_00041,42677,+
CCNA_00041,45763,-
CCNA_00041,45774,-
CCNA_00042,45985,-
CCNA_00042,46002,-
CCNA_00043,48284,-
CCNA_00043,48298,-
CCNA_00044,48959,-
CCNA_00045,49062,+
CCNA_00046,50069,-
CCNA_00048,52186,-
CCNA_00051,55334,-
CCNA_00054,58011,-
CCNA_00060,61763,-
CCNA_00062,63970,+
CCNA_00062,63989,-
CCNA_03913,64487,-
CCNA_00065,69084,-
CCNA_00069,71934,-
CCNA_00070,71945,+
CCNA_00069,71952,-
CCNA_R0001,76114,+
CCNA_00074,78613,+
CCNA_00077,81227,-
CCNA_00079,83951,-
CCNA_00081,84995,-
CCNA_00081,85007,-
CCNA_00082,85857,+
CCNA_00084,88951,+
CCNA_00085,90638,+
CCNA_00086,95019,+
CCNA_00086,95087,+
CCNA_00086,96410,-
CCNA_00087,96921,+
CCNA_00088,97773,+
CCNA_00088,97818,+
CCNA_00091,104215,-
CCNA_00092,104971,-
CCNA_00096,107368,+
CCNA_00098,109071,-
CCNA_00100,111638,-
CCNA_00105,116055,+
CCNA_00104,116202,-
CCNA_00104,116225,-
CCNA_00111,120655,+
CCNA_00110,120675,-
CCNA_00111,120723,+
CCNA_00111,121302,-
CCNA_00115,124282,-
CCNA_00117,127853,+
CCNA_00117,127859,+
CCNA_00116,127860,-
CCNA_00116,127866,-
CCNA_00116,127884,-
CCNA_00119,131921,+
CCNA_00122,133827,-
CCNA_00122,133845,-
CCNA_00124,135446,-
CCNA_00126,136629,-
CCNA_00127,136696,+
CCNA_00130,139225,+
CCNA_00130,139237,+
CCNA_00131,140974,+
CCNA_00130,140977,-
CCNA_00133,143544,+
CCNA_00136,146989,-
CCNA_00137,148530,-
CCNA_00138,148715,+
CCNA_00138,150379,+
CCNA_00139,152617,-
CCNA_00139,152628,-
CCNA_00139,152644,-
CCNA_00145,157585,-
CCNA_00145,157594,-
CCNA_00150,160416,-
CCNA_00152,161242,+
CCNA_00153,162281,+
CCNA_00155,163343,+
CCNA_00155,163880,-
CCNA_00157,165000,+
CCNA_00158,166754,-
CCNA_00159,168449,-
CCNA_00161,170951,+
CCNA_00162,172722,-
CCNA_00163,173670,-
CCNA_00163,174478,-
CCNA_00163,175151,-
CCNA_00165,177320,-
CCNA_00165,177798,-
CCNA_03915,177930,+
CCNA_00166,179090,-
CCNA_00167,179292,+
CCNA_00167,179624,+
CCNA_00167,179633,+
CCNA_00168,180165,+
CCNA_00168,180663,-
CCNA_00168,180684,-
CCNA_00172,186901,-
CCNA_00175,190942,+
CCNA_00180,194642,+
CCNA_00185,198536,+
CCNA_R0003,200231,-
CCNA_00186,200529,+
CCNA_00186,201686,-
CCNA_00187,202687,-
CCNA_00189,203820,+
CCNA_00192,206817,-
CCNA_00196,210531,-
CCNA_R0004,210993,-
CCNA_00198,212106,-
CCNA_00199,212363,+
CCNA_00199,213543,-
CCNA_00200,215381,-
CCNA_00202,216190,+
CCNA_00204,220507,-
CCNA_00206,220865,+
CCNA_00206,220894,+
CCNA_00209,225050,-
CCNA_00210,225058,+
CCNA_00210,227022,-
CCNA_00211,227610,+
CCNA_00211,227647,+
CCNA_00211,227654,+
CCNA_00211,227667,+
CCNA_00214,230205,+
CCNA_00214,231159,+
CCNA_00215,232550,+
CCNA_00215,232652,-
CCNA_00215,232897,-
CCNA_00215,233047,-
CCNA_00215,233239,+
CCNA_00216,233884,-
CCNA_00217,234638,+
CCNA_00217,236033,+
CCNA_00218,236915,-
CCNA_00220,237185,-
CCNA_00224,240852,+
CCNA_00224,240879,+
CCNA_00228,244691,-
CCNA_00228,244727,-
CCNA_00231,246989,+
CCNA_00230,247045,-
CCNA_00233,248014,+
CCNA_00233,248025,+
CCNA_00234,249993,+
CCNA_00237,252437,+
CCNA_00240,255224,+
CCNA_03917,256357,-
CCNA_03917,256376,-
CCNA_00247,259482,-
CCNA_00249,260870,+
CCNA_00250,262392,-
CCNA_00250,262492,+
CCNA_00252,264686,-
CCNA_00252,265795,-
CCNA_00252,265812,-
CCNA_00253,265957,+
CCNA_00257,271625,-
CCNA_00259,272689,-
CCNA_00261,273656,+
CCNA_00260,273800,-
CCNA_00261,274078,-
CCNA_00263,276261,-
CCNA_00265,278019,+
CCNA_R0005,281946,+
CCNA_00269,283961,+
CCNA_00269,284049,+
CCNA_00271,285227,+
CCNA_00273,286771,+
CCNA_00273,286799,+
CCNA_00274,287636,+
CCNA_00277,290161,+
CCNA_00281,294567,-
CCNA_00282,294645,+
CCNA_00285,297565,-
CCNA_00287,299340,-
CCNA_00288,300103,+
CCNA_00289,300837,-
CCNA_00290,303973,-
CCNA_00290,304318,-
CCNA_00290,304383,-
CCNA_00291,304431,+
CCNA_00292,305769,+
CCNA_00294,309061,-
CCNA_00299,312678,+
CCNA_00300,314536,-
CCNA_00301,314588,+
CCNA_00301,314954,+
CCNA_00302,315569,+
CCNA_00308,323544,+
CCNA_00309,324069,-
CCNA_00311,326173,-
CCNA_00312,326669,-
CCNA_00313,326756,+
CCNA_00313,327381,+
CCNA_00315,330759,-
CCNA_00317,332947,-
CCNA_00317,332971,-
CCNA_00318,333080,+
CCNA_00322,335761,+
CCNA_00321,335784,-
CCNA_00321,335824,-
CCNA_00323,337220,-
CCNA_00323,337392,-
CCNA_00324,338429,-
CCNA_00324,338438,-
CCNA_00327,340212,+
CCNA_00328,340560,+
CCNA_00330,342657,-
CCNA_00333,345005,-
CCNA_00335,345655,-
CCNA_00335,345983,-
CCNA_00338,348385,+
CCNA_00338,349299,-
CCNA_00339,350719,+
CCNA_00339,350728,+
CCNA_00339,350907,-
CCNA_00340,352401,+
CCNA_00341,353547,+
CCNA_00342,355360,-
CCNA_00342,356805,-
CCNA_00345,360199,-
CCNA_00346,360335,+
CCNA_R0104,362212,-
CCNA_00350,366013,-
CCNA_00353,369178,+
CCNA_00352,369202,-
CCNA_00352,369337,-
CCNA_00354,370413,+
CCNA_00354,370420,+
CCNA_00356,372614,+
CCNA_00356,372817,-
CCNA_00357,373496,+
CCNA_00359,375821,+
CCNA_00359,375829,+
CCNA_00358,375854,-
CCNA_00364,380815,-
CCNA_00364,380823,-
CCNA_00364,380834,-
CCNA_00365,382729,-
CCNA_00368,385054,-
CCNA_00372,388999,-
CCNA_00372,389017,-
CCNA_00374,390244,-
CCNA_00375,390576,+
CCNA_00375,390605,-
CCNA_00380,397418,-
CCNA_00382,398845,-
CCNA_00382,399736,-
CCNA_00383,400487,-
CCNA_00384,400574,+
CCNA_00384,400803,-
CCNA_00386,403445,-
CCNA_00388,405058,-
CCNA_00392,407825,+
CCNA_00394,410916,-
CCNA_00396,413633,-
CCNA_00399,416696,+
CCNA_00398,416782,-
CCNA_00399,416883,+
CCNA_00402,419678,-
CCNA_00403,419702,+
CCNA_00407,422462,+
CCNA_00406,422574,-
CCNA_00406,422593,-
CCNA_00406,422729,-
CCNA_00409,424385,+
CCNA_00411,425076,+
CCNA_00413,426336,+
CCNA_00419,431066,+
CCNA_03919,433197,-
CCNA_00424,434061,+
CCNA_00424,434097,+
CCNA_00425,435712,+
CCNA_00425,435742,-
CCNA_00425,436132,-
CCNA_00425,436156,-
CCNA_00428,437123,+
CCNA_00428,437143,+
CCNA_00435,440097,+
CCNA_00437,443054,+
CCNA_00438,445221,-
CCNA_00438,445255,-
CCNA_00439,445497,+
CCNA_00446,452922,+
CCNA_00446,452935,+
CCNA_00449,454279,+
CCNA_00449,454415,-
CCNA_00449,454429,-
CCNA_00450,455281,+
CCNA_00450,455289,+
CCNA_00451,455306,+
CCNA_00451,456243,+
CCNA_00451,457227,-
CCNA_00451,457587,-
CCNA_00451,458347,+
CCNA_00455,461880,+
CCNA_00456,465762,-
CCNA_00459,471473,+
CCNA_00459,472048,-
CCNA_03998,475557,+
CCNA_03998,476198,+
CCNA_03998,476640,+
CCNA_03998,476659,+
CCNA_00465,477805,+
CCNA_00465,478667,-
CCNA_00465,478692,-
CCNA_00466,479167,+
CCNA_00466,479502,+
CCNA_00466,479517,+
CCNA_00466,479673,-
CCNA_00466,479732,-
CCNA_00466,479805,-
CCNA_00466,479812,-
CCNA_00467,481028,-
CCNA_00467,481511,-
CCNA_00467,481534,-
CCNA_00467,481549,-
CCNA_00469,482594,+
CCNA_00470,484973,+
CCNA_00470,484988,+
CCNA_00470,485567,+
CCNA_00470,485697,+
CCNA_00470,485742,-
CCNA_00471,486763,+
CCNA_00471,486833,-
CCNA_00471,486843,-
CCNA_00472,487564,+
CCNA_00472,487682,+
CCNA_00472,488210,-
CCNA_00473,488353,+
CCNA_00473,488359,+
CCNA_00473,488370,+
CCNA_00475,492662,+
CCNA_00475,492673,+
CCNA_00475,492690,+
CCNA_00478,495197,-
CCNA_00480,496930,+
CCNA_R0007,499216,-
CCNA_00483,500262,-
CCNA_00485,502218,-
CCNA_00489,507747,-
CCNA_00490,507795,+
CCNA_00490,508349,-
CCNA_00491,509638,-
CCNA_00492,509658,+
CCNA_00491,509770,-
CCNA_00495,512060,+
CCNA_00496,512208,+
CCNA_00496,512226,+
CCNA_00496,513852,+
CCNA_00496,513998,-
CCNA_00497,514095,+
CCNA_00502,518474,+
CCNA_00501,518582,-
CCNA_00502,519042,-
CCNA_00502,519102,-
CCNA_00503,519268,+
CCNA_00504,520286,-
CCNA_00506,521826,-
CCNA_00508,523927,-
CCNA_00512,526709,-
CCNA_00512,527065,-
CCNA_03885,527256,+
CCNA_00515,528991,+
CCNA_00518,533823,-
CCNA_00519,534488,+
CCNA_00519,534993,-
CCNA_00519,535016,-
CCNA_00522,536563,+
CCNA_00526,539742,+
CCNA_00527,540099,+
CCNA_00530,542289,+
CCNA_00531,543126,+
CCNA_00531,543147,+
CCNA_00533,544942,+
CCNA_00535,547379,+
CCNA_00536,547606,+
CCNA_00536,547616,+
CCNA_00537,553828,-
CCNA_00537,555712,-
CCNA_00538,556426,+
CCNA_00540,560776,-
CCNA_00542,561664,-
CCNA_00543,562396,-
CCNA_00544,562481,+
CCNA_00544,562514,+
CCNA_00546,564671,+
CCNA_00547,565657,+
CCNA_00551,568762,-
CCNA_00554,570218,+
CCNA_00555,571086,+
CCNA_00559,575737,-
CCNA_00560,575815,+
CCNA_00564,578404,+
CCNA_00565,581827,-
CCNA_R0008,582014,+
CCNA_00567,584303,+
CCNA_00567,586037,-
CCNA_00573,594920,-
CCNA_00573,595259,-
CCNA_00573,596466,-
CCNA_00576,599974,+
CCNA_00578,602338,-
CCNA_00582,611121,+
CCNA_00587,616530,-
CCNA_00589,618545,+
CCNA_00589,618714,-
CCNA_00591,620807,+
CCNA_00592,622847,-
CCNA_00592,622873,-
CCNA_R0111,622892,+
CCNA_00594,626171,-
CCNA_R0112,626656,+
CCNA_00596,627907,+
CCNA_00598,633313,+
CCNA_00598,633324,+
CCNA_00598,634085,+
CCNA_00598,634099,+
CCNA_03887,634996,+
CCNA_00601,636857,+
CCNA_00603,639777,-
CCNA_00605,641904,-
CCNA_00605,641929,-
CCNA_00607,643477,+
CCNA_00607,644635,-
CCNA_00609,648331,-
CCNA_00611,651300,+
CCNA_00611,651354,+
CCNA_03924,660052,-
CCNA_00618,662195,-
CCNA_00622,666600,+
CCNA_00623,666828,+
CCNA_03925,668251,-
CCNA_00625,670486,+
CCNA_00626,672099,+
CCNA_00629,674267,+
CCNA_00629,674275,+
CCNA_00634,680831,-
CCNA_00635,681907,+
CCNA_00636,683459,+
CCNA_00636,683469,+
CCNA_00636,683508,+
CCNA_00639,691801,-
CCNA_00640,692091,+
CCNA_00640,692101,+
CCNA_00642,692957,-
CCNA_00650,701735,-
CCNA_R0009,708218,+
CCNA_00655,708928,-
CCNA_00656,710675,+
CCNA_00656,710820,-
CCNA_00659,717435,+
CCNA_00659,717456,+
CCNA_00662,719555,-
CCNA_00662,719648,-
CCNA_00664,720434,+
CCNA_R0010,720456,-
CCNA_00665,721847,+
CCNA_00665,721924,+
CCNA_00671,728973,+
CCNA_00671,729790,-
CCNA_00676,733748,-
CCNA_00678,735123,-
CCNA_00682,738053,+
CCNA_00685,741214,+
CCNA_00690,748440,-
CCNA_00691,748907,-
CCNA_00691,748934,-
CCNA_00692,749100,+
CCNA_00692,749125,+
CCNA_00692,749172,+
CCNA_00692,749181,+
CCNA_00693,751505,-
CCNA_00694,754342,-
CCNA_R0116,757263,-
CCNA_00699,757978,+
CCNA_00699,758014,+
CCNA_00699,758022,+
CCNA_00700,761108,-
CCNA_00705,763406,-
CCNA_00708,765670,-
CCNA_00711,768792,+
CCNA_03927,770840,+
CCNA_03927,770851,+
CCNA_00718,772021,+
CCNA_00718,772601,+
CCNA_00718,772622,+
CCNA_R0117,772628,+
CCNA_00718,772646,+
CCNA_00718,772655,+
CCNA_03930,772904,-
CCNA_03933,774321,-
CCNA_00719,774368,+
CCNA_00719,774374,+
CCNA_00723,779974,+
CCNA_00722,780023,-
CCNA_00727,783127,+
CCNA_00728,783796,+
CCNA_00733,790479,+
CCNA_00734,791468,+
CCNA_00735,793099,-
CCNA_00737,795906,-
CCNA_03934,796828,-
CCNA_00740,799561,-
CCNA_00744,801752,+
CCNA_00744,801773,+
CCNA_00744,801780,+
CCNA_00747,804886,-
CCNA_00747,804963,-
CCNA_00748,805035,+
CCNA_00752,811319,-
CCNA_00758,815371,+
CCNA_00758,815433,+
CCNA_00765,823105,+
CCNA_00765,823137,+
CCNA_00767,824421,-
CCNA_03936,824683,+
CCNA_03936,824823,-
CCNA_00770,825550,+
CCNA_00773,827442,+
CCNA_00776,833279,+
CCNA_00776,833285,+
CCNA_00777,837822,-
CCNA_00778,839805,-
CCNA_00778,840033,-
CCNA_00779,840321,+
CCNA_00780,841686,-
CCNA_00780,841781,-
CCNA_00781,841804,+
CCNA_R0015,842257,+
CCNA_R0016,844332,+
CCNA_00783,845474,-
CCNA_00783,846445,-
CCNA_00784,846628,+
CCNA_03938,850489,-
CCNA_00787,850894,+
CCNA_00787,851443,-
CCNA_00788,851462,+
CCNA_00792,856242,-
CCNA_00798,863009,-
CCNA_00800,864787,+
CCNA_00800,865011,-
CCNA_00803,867799,+
CCNA_00806,870486,-
CCNA_00806,870494,+
CCNA_00806,870506,-
CCNA_00806,870514,+
CCNA_00806,871615,-
CCNA_00806,871636,-
CCNA_00806,871734,-
CCNA_00808,872331,-
CCNA_00808,872364,-
CCNA_00813,876476,+
CCNA_00813,877557,-
CCNA_03941,884569,+
CCNA_00823,884929,-
CCNA_00823,885244,-
CCNA_00824,886139,-
CCNA_00828,891110,+
CCNA_00828,892267,+
CCNA_00828,892278,+
CCNA_00831,896050,-
CCNA_00831,896124,+
CCNA_00831,896849,-
CCNA_00834,899599,+
CCNA_00835,900973,+
CCNA_00835,901391,-
CCNA_00835,901399,-
CCNA_00836,902130,+
CCNA_00839,907489,-
CCNA_00842,915114,-
CCNA_00842,915248,-
CCNA_00845,917262,-
CCNA_00846,920412,-
CCNA_R0018,920425,+
CCNA_R0018,920433,+
CCNA_00847,920662,+
CCNA_R0019,920752,-
CCNA_00848,921483,-
CCNA_00848,921517,-
CCNA_R0123,921719,-
CCNA_00856,933005,+
CCNA_00857,935113,-
CCNA_00860,938853,-
CCNA_00860,938924,-
CCNA_R0124,938932,+
CCNA_00861,939592,-
CCNA_00863,942431,-
CCNA_00869,947795,+
CCNA_00869,950400,-
CCNA_00872,952032,-
CCNA_00873,952957,-
CCNA_00875,954035,-
CCNA_00879,956765,+
CCNA_00879,956772,+
CCNA_00881,961712,-
CCNA_00885,964756,-
CCNA_00886,964868,+
CCNA_00888,966931,+
CCNA_00892,970233,+
CCNA_00892,971360,+
CCNA_00893,972655,+
CCNA_00894,973984,+
CCNA_00895,975021,+
CCNA_00897,975856,+
CCNA_00898,977149,-
CCNA_00902,981885,+
CCNA_00907,988254,-
CCNA_00915,993947,+
CCNA_00917,995262,-
CCNA_00919,996223,+
CCNA_00923,1001397,+
CCNA_00925,1002605,-
CCNA_00926,1003657,-
CCNA_00931,1006755,+
CCNA_00931,1006767,+
CCNA_00932,1008004,+
CCNA_00937,1012943,-
CCNA_00939,1014509,+
CCNA_00940,1015468,-
CCNA_00940,1015476,-
CCNA_00940,1015494,-
CCNA_00942,1018696,+
CCNA_00946,1023588,+
CCNA_00948,1026407,+
CCNA_00950,1026854,+
CCNA_00950,1026914,+
CCNA_00956,1034416,-
CCNA_00957,1034484,+
CCNA_00958,1037321,-
CCNA_00959,1037349,+
CCNA_00961,1038054,+
CCNA_00963,1039379,-
CCNA_00966,1040719,+
CCNA_00967,1042042,-
CCNA_00968,1042126,+
CCNA_00969,1045929,-
CCNA_00969,1046049,-
CCNA_00970,1046087,+
CCNA_00972,1050202,+
CCNA_00974,1051249,+
CCNA_00974,1052479,-
CCNA_00974,1052490,-
CCNA_00974,1052950,-
CCNA_00976,1056198,+
CCNA_R0021,1057044,-
CCNA_R0022,1057167,+
CCNA_00979,1058178,+
CCNA_00982,1061601,+
CCNA_00985,1066385,-
CCNA_00985,1066488,+
CCNA_00985,1066846,-
CCNA_00986,1066892,+
CCNA_00987,1067818,+
CCNA_00989,1069639,+
CCNA_00989,1069665,+
CCNA_00995,1077198,+
CCNA_00995,1077213,+
CCNA_00995,1077957,+
CCNA_00997,1079915,+
CCNA_00998,1081313,+
CCNA_R0126,1081336,-
CCNA_00999,1081955,+
CCNA_01002,1084245,-
CCNA_01003,1085109,-
CCNA_01003,1085133,-
CCNA_01004,1085196,+
CCNA_01011,1092301,-
CCNA_01013,1094371,+
CCNA_R0023,1094537,-
CCNA_R0023,1094627,-
CCNA_01015,1095218,+
CCNA_01015,1095241,+
CCNA_01015,1095291,+
CCNA_01017,1098140,+
CCNA_01018,1100752,+
CCNA_01020,1104408,-
CCNA_01020,1104453,-
CCNA_01020,1104472,-
CCNA_01021,1104835,+
CCNA_01024,1111621,-
CCNA_01025,1112479,-
CCNA_01026,1112804,+
CCNA_01026,1112819,+
CCNA_01026,1112836,+
CCNA_01026,1113467,-
CCNA_01026,1113518,-
CCNA_01026,1113528,-
CCNA_01028,1113600,+
CCNA_01031,1119649,+
CCNA_01032,1121429,+
CCNA_01033,1121885,+
CCNA_01033,1121908,+
CCNA_01034,1125701,+
CCNA_01035,1128325,+
CCNA_01036,1129246,-
CCNA_01037,1132924,-
CCNA_01038,1133411,-
CCNA_01040,1134996,-
CCNA_01044,1140018,+
CCNA_01044,1140031,+
CCNA_R0024,1141857,+
CCNA_01047,1142906,+
CCNA_01047,1144256,-
CCNA_03945,1145417,+
CCNA_01051,1148214,+
CCNA_01051,1150347,-
CCNA_01051,1150608,-
CCNA_01051,1150624,-
CCNA_01052,1151287,+
CCNA_01052,1151533,+
CCNA_01057,1159111,-
CCNA_01058,1159498,-
CCNA_01059,1159633,+
CCNA_01059,1159977,-
CCNA_01060,1162960,+
CCNA_01060,1163507,-
CCNA_01062,1166241,+
CCNA_01065,1169472,-
CCNA_01065,1169505,-
CCNA_01067,1171122,+
CCNA_01069,1174259,+
CCNA_R0025,1176040,-
CCNA_R0025,1176075,+
CCNA_R0025,1176084,+
CCNA_R0025,1176102,+
CCNA_01071,1177827,+
CCNA_01071,1177834,+
CCNA_01071,1177840,+
CCNA_01081,1184863,+
CCNA_01083,1186885,+
CCNA_01083,1186892,+
CCNA_01083,1187089,-
CCNA_01083,1187316,+
CCNA_01083,1187887,-
CCNA_01083,1187916,-
CCNA_01083,1188454,-
CCNA_01084,1188979,+
CCNA_01084,1189586,+
CCNA_01085,1191129,-
CCNA_01086,1191490,-
CCNA_01087,1193229,+
CCNA_01088,1194584,-
CCNA_01090,1197681,-
CCNA_01091,1197844,+
CCNA_01094,1199264,-
CCNA_01098,1204066,-
CCNA_01100,1205525,+
CCNA_01100,1207310,-
CCNA_01101,1207983,-
CCNA_01101,1208044,-
CCNA_01102,1208086,+
CCNA_01105,1211041,+
CCNA_01105,1211113,+
CCNA_01106,1212076,+
CCNA_01108,1213560,-
CCNA_R0026,1213649,+
CCNA_01110,1215494,+
CCNA_01114,1219504,-
CCNA_01118,1223213,+
CCNA_01117,1223216,-
CCNA_01119,1223686,+
CCNA_01120,1224371,-
CCNA_01121,1224487,+
CCNA_01122,1226120,+
CCNA_01123,1227687,+
CCNA_01124,1229896,+
CCNA_01125,1231252,-
CCNA_03890,1231559,+
CCNA_01128,1232972,+
CCNA_01129,1233463,+
CCNA_01131,1234559,+
CCNA_01132,1236579,+
CCNA_01132,1236707,+
CCNA_01133,1238481,-
CCNA_01138,1240918,+
CCNA_01139,1241362,+
CCNA_01140,1244920,-
CCNA_01141,1245084,+
CCNA_01141,1245156,+
CCNA_01141,1245181,+
CCNA_01142,1246920,+
CCNA_01142,1247207,+
CCNA_01142,1247215,+
CCNA_01144,1248754,-
CCNA_01145,1249199,-
CCNA_01149,1252889,+
CCNA_01151,1254720,+
CCNA_01154,1257874,+
CCNA_01155,1258800,+
CCNA_01155,1261273,-
CCNA_01155,1261605,-
CCNA_01155,1261648,-
CCNA_01157,1263769,+
CCNA_03946,1266870,+
CCNA_01161,1268498,+
CCNA_01162,1269890,+
CCNA_01162,1269912,+
CCNA_01163,1272526,+
CCNA_01163,1278558,+
CCNA_01171,1291673,+
CCNA_R0028,1291707,-
CCNA_01171,1291803,+
CCNA_01172,1292195,+
CCNA_01173,1293510,-
CCNA_01174,1294552,-
CCNA_R0134,1294595,+
CCNA_01174,1294635,-
CCNA_01182,1301925,+
CCNA_01182,1301937,+
CCNA_01182,1302007,+
CCNA_01183,1302500,+
CCNA_01186,1304672,+
CCNA_01186,1304678,+
CCNA_01189,1309064,+
CCNA_01189,1309348,-
CCNA_01190,1309935,-
CCNA_01193,1315147,+
CCNA_01194,1316735,-
CCNA_01196,1319251,+
CCNA_01198,1321666,+
CCNA_01199,1322883,-
CCNA_01202,1328779,-
CCNA_01203,1330816,-
CCNA_01210,1336743,+
CCNA_01215,1342464,-
CCNA_01217,1343509,+
CCNA_01218,1344645,-
CCNA_01219,1345792,-
CCNA_01221,1348142,-
CCNA_01221,1348168,-
CCNA_01230,1357073,+
CCNA_01232,1360109,-
CCNA_01233,1361183,-
CCNA_01234,1362161,-
CCNA_01241,1367636,-
CCNA_01242,1369250,-
CCNA_01243,1371279,+
CCNA_01244,1372338,-
CCNA_01247,1375823,-
CCNA_01248,1375966,+
CCNA_01248,1376338,-
CCNA_01252,1380053,-
CCNA_01252,1381461,-
CCNA_01252,1381514,-
CCNA_01258,1386195,-
CCNA_01259,1386307,+
CCNA_01259,1386582,-
CCNA_01259,1386782,+
CCNA_R0137,1387892,-
CCNA_01262,1389184,+
CCNA_01263,1392229,+
CCNA_01265,1395760,-
CCNA_01268,1397324,-
CCNA_01268,1397407,-
CCNA_01269,1397427,+
CCNA_01269,1397512,+
CCNA_01271,1398453,+
CCNA_01275,1401700,+
CCNA_01276,1402503,+
CCNA_01277,1402942,+
CCNA_01277,1402950,+
CCNA_01278,1404909,-
CCNA_01279,1405781,-
CCNA_01281,1406997,+
CCNA_01281,1407004,+
CCNA_01285,1411841,+
CCNA_01285,1412590,-
CCNA_01287,1413966,-
CCNA_01289,1415667,-
CCNA_01290,1415692,+
CCNA_01295,1419994,-
CCNA_01296,1422101,-
CCNA_01296,1422126,-
CCNA_R0030,1423003,+
CCNA_01297,1423037,-
CCNA_R0030,1423140,+
CCNA_R0031,1423343,+
CCNA_R0031,1423354,+
CCNA_01298,1423479,+
CCNA_01299,1425008,+
CCNA_01303,1430284,-
CCNA_01304,1431115,+
CCNA_01325,1440332,+
CCNA_01326,1441347,-
CCNA_01327,1442538,+
CCNA_01327,1442902,+
CCNA_01327,1442938,+
CCNA_01328,1443306,+
CCNA_01337,1450093,+
CCNA_01338,1451780,+
CCNA_01340,1452972,+
CCNA_01344,1457963,+
CCNA_01349,1462249,+
CCNA_01355,1469343,+
CCNA_01355,1469349,+
CCNA_01356,1470328,+
CCNA_01364,1480063,+
CCNA_01364,1480085,+
CCNA_01364,1480268,-
CCNA_01365,1481752,-
CCNA_01368,1483322,+
CCNA_01369,1485272,+
CCNA_03948,1486089,+
CCNA_01371,1486803,-
CCNA_01372,1487013,-
CCNA_01373,1487459,+
CCNA_01372,1487505,-
CCNA_01373,1487512,+
CCNA_01373,1487526,+
CCNA_01375,1490214,+
CCNA_R0033,1491757,+
CCNA_R0034,1491967,+
CCNA_01377,1492300,-
CCNA_01378,1492509,+
CCNA_01379,1493203,+
CCNA_01380,1494759,+
CCNA_01380,1494784,+
CCNA_01380,1494793,+
CCNA_01381,1497192,-
CCNA_01383,1500207,+
CCNA_01385,1502287,+
CCNA_01385,1502781,+
CCNA_01386,1503733,-
CCNA_01386,1503810,-
CCNA_01388,1505157,+
CCNA_01389,1506232,+
CCNA_01389,1506288,+
CCNA_01390,1507360,+
CCNA_01391,1509067,+
CCNA_01391,1510140,-
CCNA_01392,1510305,+
CCNA_01393,1512455,-
CCNA_01394,1513286,-
CCNA_01395,1513302,+
CCNA_01396,1515188,+
CCNA_01400,1520573,-
CCNA_01403,1520912,+
CCNA_01404,1523512,-
CCNA_R0139,1523958,+
CCNA_01405,1524403,-
CCNA_01406,1525525,-
CCNA_03949,1529267,+
CCNA_03950,1529706,+
CCNA_03950,1529729,+
CCNA_03950,1529735,+
CCNA_03949,1529754,-
CCNA_01413,1531017,+
CCNA_01415,1532753,+
CCNA_01417,1534631,+
CCNA_01417,1534738,+
CCNA_01418,1536615,-
CCNA_01419,1536689,+
CCNA_01419,1536698,+
CCNA_01420,1538016,+
CCNA_01421,1538547,+
CCNA_01422,1539456,+
CCNA_01424,1540820,-
CCNA_01425,1541253,+
CCNA_01426,1544231,-
CCNA_01426,1544242,-
CCNA_01427,1544959,-
CCNA_01429,1545006,+
CCNA_01427,1545017,-
CCNA_01430,1545515,+
CCNA_01430,1545521,+
CCNA_01430,1545702,-
CCNA_01433,1548452,+
CCNA_R0035,1549356,+
CCNA_01437,1550033,-
CCNA_01440,1552882,+
CCNA_01444,1555919,+
CCNA_01444,1556052,+
CCNA_01444,1557673,-
CCNA_01450,1563334,+
CCNA_R0036,1564861,+
CCNA_01451,1565199,+
CCNA_01452,1565870,+
CCNA_R0038,1566409,+
CCNA_03951,1571956,-
CCNA_01464,1572404,-
CCNA_01465,1572588,+
CCNA_01475,1583026,+
CCNA_01478,1586401,-
CCNA_01480,1588422,+
CCNA_01480,1588755,-
CCNA_01486,1592725,+
CCNA_01486,1593749,-
CCNA_01487,1593851,+
CCNA_01488,1594724,+
CCNA_01493,1602629,-
CCNA_01494,1604415,+
CCNA_01496,1605959,+
CCNA_R0141,1607996,-
CCNA_01500,1610768,+
CCNA_01509,1620275,-
CCNA_01510,1620456,+
CCNA_01516,1626269,+
CCNA_03892,1628204,-
CCNA_01519,1628247,+
CCNA_01521,1630483,-
CCNA_01522,1630807,+
CCNA_01522,1631476,-
CCNA_01524,1634092,-
CCNA_01525,1634129,+
CCNA_01525,1634209,+
CCNA_01527,1635202,+
CCNA_01528,1636299,+
CCNA_01532,1639346,+
CCNA_01532,1641859,+
CCNA_01532,1641867,+
CCNA_01532,1641876,+
CCNA_01533,1642303,+
CCNA_01534,1643003,+
CCNA_01534,1643010,+
CCNA_01535,1643621,+
CCNA_01536,1644303,+
CCNA_R0040,1645202,+
CCNA_01538,1646107,+
CCNA_01541,1650166,+
CCNA_01541,1650174,+
CCNA_01539,1650203,-
CCNA_01543,1654917,-
CCNA_01547,1659394,+
CCNA_03953,1659436,-
CCNA_01549,1664387,-
CCNA_01550,1664953,+
CCNA_01550,1665320,-
CCNA_01551,1665472,+
CCNA_01555,1672248,-
CCNA_01556,1672566,+
CCNA_01557,1673780,-
CCNA_01559,1676481,-
CCNA_01560,1676818,+
CCNA_01562,1680092,+
CCNA_01562,1680111,+
CCNA_R0142,1682820,+
CCNA_01574,1690130,+
CCNA_01575,1692425,-
CCNA_01576,1693536,+
CCNA_01577,1694028,-
CCNA_01578,1694668,+
CCNA_01579,1695260,+
CCNA_01580,1696858,+
CCNA_01581,1697598,+
CCNA_01581,1697609,+
CCNA_03954,1699296,+
CCNA_03954,1699303,+
CCNA_01583,1699611,-
CCNA_01585,1702765,+
CCNA_01585,1704510,-
CCNA_01586,1704530,+
CCNA_01592,1712417,+
CCNA_01593,1714831,-
CCNA_01597,1719242,-
CCNA_01598,1719332,+
CCNA_01598,1720510,-
CCNA_01600,1721124,+
CCNA_01601,1722112,+
CCNA_01602,1722502,+
CCNA_01603,1724551,-
CCNA_03955,1730240,+
CCNA_01612,1733188,+
CCNA_01612,1733320,+
CCNA_01612,1733330,+
CCNA_01612,1733341,+
CCNA_01612,1733379,-
CCNA_01618,1739850,+
CCNA_01620,1740881,+
CCNA_01620,1740895,+
CCNA_01619,1741089,-
CCNA_01621,1741598,+
CCNA_01623,1744933,-
CCNA_01624,1745014,+
CCNA_01625,1747415,-
CCNA_01626,1747546,+
CCNA_01629,1749116,+
CCNA_01632,1751588,-
CCNA_01633,1751635,+
CCNA_01636,1754167,+
CCNA_01637,1755846,+
CCNA_01639,1759621,+
CCNA_01642,1762852,+
CCNA_01643,1764746,-
CCNA_01644,1765575,-
CCNA_01645,1765648,+
CCNA_01647,1768356,-
CCNA_01648,1768380,+
CCNA_01651,1771267,+
CCNA_01652,1773963,+
CCNA_01653,1774676,+
CCNA_01655,1776482,+
CCNA_01660,1781935,-
CCNA_R0041,1782009,+
CCNA_01663,1782994,-
CCNA_01665,1786445,+
CCNA_01668,1790421,+
CCNA_01668,1790610,+
CCNA_01670,1792317,+
CCNA_01670,1792697,+
CCNA_01671,1793494,+
CCNA_01672,1794836,+
CCNA_01674,1797532,-
CCNA_01674,1797603,-
CCNA_01675,1797708,+
CCNA_01676,1799499,+
CCNA_01677,1803684,+
CCNA_01677,1803719,+
CCNA_01680,1808165,+
CCNA_01682,1810358,-
CCNA_01682,1810374,-
CCNA_01684,1812350,-
CCNA_01685,1812873,-
CCNA_01687,1814006,+
CCNA_01687,1814028,+
CCNA_01688,1815061,+
CCNA_01689,1815935,+
CCNA_01697,1828445,+
CCNA_01700,1831627,+
CCNA_01703,1835742,-
CCNA_01703,1835749,-
CCNA_01704,1835947,+
CCNA_01705,1837596,-
CCNA_01706,1837633,+
CCNA_01706,1838743,-
CCNA_01708,1840175,+
CCNA_01708,1840183,+
CCNA_01711,1844197,+
CCNA_01712,1844628,-
CCNA_01715,1845856,+
CCNA_01716,1846571,+
CCNA_01717,1846948,-
CCNA_01719,1847684,+
CCNA_03893,1848095,+
CCNA_01722,1849049,+
CCNA_01723,1849571,+
CCNA_01724,1850471,+
CCNA_01724,1850503,+
CCNA_01725,1851345,+
CCNA_01727,1856264,-
CCNA_01729,1857655,+
CCNA_01729,1857707,+
CCNA_01729,1858244,-
CCNA_01730,1859797,-
CCNA_01730,1859810,-
CCNA_01731,1860658,-
CCNA_01732,1860681,-
CCNA_01736,1864204,+
CCNA_01737,1865692,-
CCNA_01738,1869144,-
CCNA_01741,1870669,-
CCNA_01742,1870808,+
CCNA_01742,1870814,+
CCNA_01746,1874178,+
CCNA_01749,1876959,+
CCNA_01754,1881662,-
CCNA_01759,1887115,-
CCNA_01760,1889650,-
CCNA_01763,1891935,+
CCNA_01766,1895262,-
CCNA_01767,1895422,+
CCNA_01768,1896232,-
CCNA_01770,1898234,+
CCNA_01770,1898244,+
CCNA_01773,1900026,-
CCNA_01775,1901978,-
CCNA_01776,1901996,+
CCNA_01776,1902008,+
CCNA_01779,1906818,-
CCNA_R0145,1911195,+
CCNA_01783,1912079,-
CCNA_01790,1917259,+
CCNA_01791,1918167,+
CCNA_01791,1918219,-
CCNA_01792,1919625,+
CCNA_01794,1921111,-
CCNA_01795,1921831,+
CCNA_01797,1923470,+
CCNA_01797,1923633,-
CCNA_01799,1923694,+
CCNA_01801,1926746,-
CCNA_01804,1928187,+
CCNA_01813,1937687,+
CCNA_01813,1937697,+
CCNA_01814,1938501,+
CCNA_01816,1942091,+
CCNA_01819,1945909,+
CCNA_01822,1949821,-
CCNA_01826,1950985,+
CCNA_01829,1955464,+
CCNA_01829,1955473,+
CCNA_01830,1956586,+
CCNA_01836,1968167,+
CCNA_01843,1974744,-
CCNA_01848,1979737,+
CCNA_01850,1981902,+
CCNA_01850,1982564,+
CCNA_01851,1983207,+
CCNA_01852,1983929,+
CCNA_01853,1985425,+
CCNA_R0147,1986625,+
CCNA_01856,1988620,-
CCNA_01861,1995226,+
CCNA_01861,1995373,-
CCNA_01861,1995584,-
CCNA_01861,1995718,+
CCNA_01861,1995850,+
CCNA_01861,1996170,+
CCNA_01861,1996176,+
CCNA_01864,1998726,+
CCNA_01868,2006112,-
CCNA_01870,2009972,-
CCNA_01875,2012963,-
CCNA_01876,2014204,-
CCNA_01886,2027032,+
CCNA_01886,2027874,+
CCNA_01897,2040487,+
CCNA_01901,2044398,-
CCNA_R0043,2044466,+
CCNA_01910,2055457,-
CCNA_01911,2055901,+
CCNA_01913,2056508,+
CCNA_01913,2056542,+
CCNA_01912,2056607,-
CCNA_01916,2058871,+
CCNA_01916,2059014,+
CCNA_01917,2061153,-
CCNA_01918,2061285,+
CCNA_01919,2062714,+
CCNA_01919,2062917,-
CCNA_01922,2068017,-
CCNA_01923,2068086,+
CCNA_01922,2068147,-
CCNA_01922,2068210,-
CCNA_01925,2072478,-
CCNA_01926,2072571,+
CCNA_01929,2075485,-
CCNA_01930,2076391,-
CCNA_01931,2076486,+
CCNA_01932,2077723,+
CCNA_01943,2085446,+
CCNA_01943,2085458,+
CCNA_01942,2085486,-
CCNA_01944,2086367,+
CCNA_R0152,2086425,+
CCNA_01945,2088024,-
CCNA_03958,2088068,+
CCNA_01946,2088259,+
CCNA_01947,2089603,+
CCNA_01948,2090336,+
CCNA_01951,2093264,+
CCNA_01951,2094981,+
CCNA_01951,2095736,-
CCNA_01952,2097000,-
CCNA_01954,2097472,+
CCNA_01954,2097479,+
CCNA_01954,2097494,+
CCNA_01955,2100288,+
CCNA_01957,2103425,-
CCNA_01958,2103786,-
CCNA_01959,2103829,+
CCNA_01964,2107966,-
CCNA_01964,2107997,-
CCNA_01968,2111576,+
CCNA_01969,2113698,+
CCNA_01969,2113705,+
CCNA_01969,2114421,-
CCNA_01971,2115364,+
CCNA_01970,2115410,-
CCNA_01971,2115436,+
CCNA_01970,2115485,-
CCNA_01973,2119154,-
CCNA_01974,2119257,+
CCNA_01977,2121746,+
CCNA_01979,2123410,+
CCNA_01979,2123880,+
CCNA_01979,2123909,+
CCNA_01981,2125336,-
CCNA_01981,2127026,-
CCNA_03960,2127442,-
CCNA_01983,2128784,+
CCNA_01983,2129148,-
CCNA_01985,2132225,-
CCNA_01992,2137404,+
CCNA_01991,2137467,-
CCNA_01991,2137476,-
CCNA_01992,2139721,-
CCNA_01993,2141062,-
CCNA_01994,2141485,-
CCNA_01996,2143721,-
CCNA_01997,2144431,-
CCNA_01998,2145090,-
CCNA_02000,2147259,-
CCNA_02003,2149307,-
CCNA_02003,2150732,-
CCNA_02003,2150936,-
CCNA_02004,2152484,-
CCNA_02005,2153011,+
CCNA_02006,2154259,-
CCNA_02008,2156488,-
CCNA_02008,2156896,-
CCNA_02008,2156903,-
CCNA_02008,2157033,-
CCNA_02011,2158021,-
CCNA_02016,2164224,-
CCNA_02022,2169160,+
CCNA_02024,2172765,-
CCNA_02024,2172779,-
CCNA_02027,2173911,-
CCNA_02033,2177463,-
CCNA_R0045,2177628,+
CCNA_R0047,2180551,-
CCNA_02036,2180981,-
CCNA_02037,2183530,-
CCNA_02037,2183585,-
CCNA_02039,2185201,-
CCNA_02039,2185233,-
CCNA_02039,2185327,-
CCNA_02040,2185416,+
CCNA_02041,2186903,-
CCNA_02042,2188477,-
CCNA_R0048,2188650,-
CCNA_02046,2192474,+
CCNA_02047,2192793,+
CCNA_02047,2192893,+
CCNA_02048,2196539,-
CCNA_02048,2196566,+
CCNA_02048,2196580,-
CCNA_02050,2198391,+
CCNA_02052,2200444,+
CCNA_02054,2204981,-
CCNA_02056,2206153,-
CCNA_02060,2210274,-
CCNA_02062,2213484,-
CCNA_02063,2214021,-
CCNA_02063,2214526,-
CCNA_02064,2215544,-
CCNA_02067,2219445,-
CCNA_02069,2220334,-
CCNA_02070,2222359,+
CCNA_02071,2222874,-
CCNA_02071,2222887,-
CCNA_02071,2222910,-
CCNA_02071,2222954,-
CCNA_02073,2223909,+
CCNA_02075,2226901,-
CCNA_02075,2226927,-
CCNA_02078,2229090,+
CCNA_03896,2230464,-
CCNA_02082,2232757,-
CCNA_02082,2232784,-
CCNA_02084,2233788,-
CCNA_02087,2237616,-
CCNA_02088,2237620,+
CCNA_02090,2238324,+
CCNA_02091,2239175,+
CCNA_02093,2240755,+
CCNA_02094,2243633,-
CCNA_02094,2243642,-
CCNA_02097,2245379,+
CCNA_02097,2245388,+
CCNA_02096,2245406,-
CCNA_02097,2246122,-
CCNA_02097,2246132,-
CCNA_02098,2247560,+
CCNA_02098,2247569,+
CCNA_02100,2250216,-
CCNA_02100,2250555,-
CCNA_02104,2252952,-
CCNA_02105,2253424,-
CCNA_02109,2260265,-
CCNA_02111,2261356,-
CCNA_02116,2266441,-
CCNA_02119,2270477,-
CCNA_02120,2271207,-
CCNA_02124,2276075,-
CCNA_02124,2276144,-
CCNA_02125,2279218,-
CCNA_02125,2279316,-
CCNA_02128,2281423,+
CCNA_02132,2288296,-
CCNA_02136,2293181,-
CCNA_02136,2294226,-
CCNA_02136,2294254,-
CCNA_02136,2294326,-
CCNA_02140,2300083,-
CCNA_02141,2300344,-
CCNA_02141,2300534,-
CCNA_02141,2300568,-
CCNA_02142,2300734,+
CCNA_02145,2303104,+
CCNA_02146,2304040,-
CCNA_02150,2307276,+
CCNA_02151,2308468,-
CCNA_02152,2309254,-
CCNA_02154,2310118,+
CCNA_02155,2310568,+
CCNA_02155,2310825,+
CCNA_02157,2313845,-
CCNA_02160,2316118,-
CCNA_02161,2316208,+
CCNA_02163,2317213,+
CCNA_03897,2321942,-
CCNA_02169,2322022,+
CCNA_02171,2324630,-
CCNA_02171,2324664,-
CCNA_02172,2324863,+
CCNA_02178,2328969,+
CCNA_02183,2334217,+
CCNA_03962,2335854,+
CCNA_R0049,2338502,+
CCNA_R0049,2338615,+
CCNA_R0049,2338692,+
CCNA_02187,2339064,+
CCNA_02189,2340394,-
CCNA_02190,2340878,+
CCNA_02191,2343102,+
CCNA_02194,2344513,+
CCNA_02194,2344519,+
CCNA_02198,2348507,-
CCNA_02198,2348524,-
CCNA_02199,2348552,+
CCNA_02200,2349727,-
CCNA_02202,2350185,+
CCNA_02202,2350196,+
CCNA_02203,2351826,-
CCNA_02204,2353010,-
CCNA_02205,2354232,-
CCNA_02206,2354241,+
CCNA_02207,2354892,+
CCNA_02210,2357949,+
CCNA_02211,2358535,+
CCNA_02211,2358905,-
CCNA_02211,2359343,-
CCNA_02213,2361984,-
CCNA_02214,2361988,+
CCNA_02217,2364406,-
CCNA_02218,2365242,-
CCNA_02219,2365594,-
CCNA_02219,2366176,-
CCNA_02221,2370050,+
CCNA_02223,2373005,-
CCNA_02225,2374657,-
CCNA_02225,2374841,-
CCNA_02231,2379662,-
CCNA_02231,2379676,-
CCNA_02235,2383552,+
CCNA_02237,2385974,+
CCNA_02237,2386459,-
CCNA_02241,2390968,-
CCNA_02242,2391632,-
CCNA_02243,2392475,-
CCNA_02245,2394657,-
CCNA_02246,2396053,-
CCNA_02246,2396146,-
CCNA_02248,2397182,-
CCNA_R0050,2397735,+
CCNA_R0050,2397742,+
CCNA_02252,2402321,-
CCNA_02252,2402426,-
CCNA_R0051,2404309,+
CCNA_02255,2407216,-
CCNA_02256,2408641,+
CCNA_R0052,2408993,-
CCNA_02257,2409363,-
CCNA_02260,2411346,-
CCNA_02260,2411359,-
CCNA_02261,2412820,-
CCNA_02261,2413455,-
CCNA_02264,2418179,-
CCNA_02264,2418642,-
CCNA_R0053,2421905,-
CCNA_02270,2423769,-
CCNA_02274,2425745,+
CCNA_02275,2426638,-
CCNA_02277,2426721,+
CCNA_02278,2429056,+
CCNA_02282,2432638,+
CCNA_R0159,2434068,+
CCNA_02283,2434069,-
CCNA_02285,2435374,-
CCNA_02286,2435662,-
CCNA_02287,2435739,+
CCNA_02289,2437401,-
CCNA_02290,2438089,+
CCNA_02290,2438331,-
CCNA_02299,2445745,+
CCNA_02299,2445785,+
CCNA_02301,2447259,+
CCNA_02302,2447881,+
CCNA_02305,2450419,+
CCNA_02306,2451248,+
CCNA_02309,2454489,+
CCNA_02312,2458265,+
CCNA_02312,2458404,-
CCNA_02318,2461605,-
CCNA_02320,2463361,-
CCNA_02321,2463513,+
CCNA_03966,2465215,+
CCNA_02326,2469275,-
CCNA_02327,2470204,-
CCNA_02327,2470214,-
CCNA_02328,2470342,+
CCNA_02329,2471231,+
CCNA_02330,2472776,+
CCNA_02332,2473898,+
CCNA_02333,2475422,-
CCNA_02334,2475498,+
CCNA_02337,2478126,-
CCNA_02337,2478179,-
CCNA_02339,2479113,+
CCNA_02339,2479793,-
CCNA_02339,2479804,-
CCNA_02339,2479823,-
CCNA_02340,2480674,-
CCNA_02341,2480978,-
CCNA_02342,2482715,-
CCNA_02344,2484878,-
CCNA_02345,2484992,+
CCNA_02353,2493318,-
CCNA_02354,2493450,+
CCNA_02355,2494970,+
CCNA_02355,2494997,+
CCNA_02358,2498597,-
CCNA_02363,2502371,+
CCNA_02364,2504600,+
CCNA_02364,2505113,-
CCNA_02366,2509131,-
CCNA_02370,2516843,-
CCNA_02371,2518237,-
CCNA_02377,2520730,+
CCNA_02377,2520849,-
CCNA_02377,2521312,-
CCNA_02377,2521324,-
CCNA_R0055,2521571,-
CCNA_02381,2523514,+
CCNA_02384,2527092,+
CCNA_02384,2527808,-
CCNA_02384,2527826,-
CCNA_02385,2529411,-
CCNA_02390,2534303,+
CCNA_R0056,2535025,+
CCNA_02395,2538508,-
CCNA_02396,2539365,-
CCNA_02398,2540322,+
CCNA_02400,2543376,-
CCNA_02401,2543475,+
CCNA_02402,2545388,-
CCNA_02402,2546181,-
CCNA_02405,2548297,+
CCNA_02405,2548826,-
CCNA_02409,2551997,+
CCNA_02411,2555291,+
CCNA_02413,2558195,-
CCNA_02413,2558254,-
CCNA_02413,2558267,-
CCNA_02414,2559208,-
CCNA_02414,2559354,-
CCNA_02415,2559378,+
CCNA_R0163,2560042,-
CCNA_02416,2560107,+
CCNA_02417,2560823,-
CCNA_02417,2560837,-
CCNA_02417,2560848,-
CCNA_02419,2564496,-
CCNA_02419,2564507,-
CCNA_02420,2564827,-
CCNA_02420,2564837,-
CCNA_02421,2565861,-
CCNA_02421,2565884,-
CCNA_02423,2567822,-
CCNA_R0058,2568784,-
CCNA_02428,2570970,-
CCNA_02430,2571555,+
CCNA_02430,2571934,-
CCNA_02432,2573383,+
CCNA_02433,2575102,-
CCNA_R0059,2577616,+
CCNA_02438,2578743,+
CCNA_02437,2578748,-
CCNA_02438,2578777,+
CCNA_02439,2580803,+
CCNA_02439,2581136,+
CCNA_02440,2582039,+
CCNA_02442,2583369,+
CCNA_02443,2585456,-
CCNA_02448,2589559,-
CCNA_02448,2589827,-
CCNA_02452,2591894,+
CCNA_02454,2593429,-
CCNA_02455,2597453,-
CCNA_02458,2599561,+
CCNA_02459,2601746,-
CCNA_02461,2603782,+
CCNA_02461,2604192,-
CCNA_02462,2604333,+
CCNA_02463,2605120,-
CCNA_02463,2605130,-
CCNA_02464,2607397,-
CCNA_R0060,2607956,+
CCNA_R0164,2608458,-
CCNA_02465,2608643,-
CCNA_02465,2609899,-
CCNA_02465,2609906,-
CCNA_02466,2610131,+
CCNA_02466,2611053,-
CCNA_02467,2611408,+
CCNA_02467,2611637,-
CCNA_02468,2611869,-
CCNA_02469,2612245,-
CCNA_02469,2612537,+
CCNA_03967,2613113,+
CCNA_02474,2619984,-
CCNA_02475,2620783,-
CCNA_02476,2620875,+
CCNA_02481,2627992,+
CCNA_02482,2630321,-
CCNA_02483,2631905,-
CCNA_02486,2635093,-
CCNA_02487,2635164,+
CCNA_02488,2637015,-
CCNA_02492,2640276,-
CCNA_02496,2644448,+
CCNA_02503,2653520,-
CCNA_02507,2656618,+
CCNA_02512,2663290,-
CCNA_02512,2663299,-
CCNA_02512,2663541,-
CCNA_02515,2666045,-
CCNA_02516,2666910,-
CCNA_02516,2666918,-
CCNA_02520,2670957,-
CCNA_02521,2670966,+
CCNA_02520,2670975,-
CCNA_02521,2671117,+
CCNA_02522,2671671,+
CCNA_02523,2672303,+
CCNA_R0165,2672357,-
CCNA_02523,2672389,-
CCNA_03899,2673478,-
CCNA_02527,2676250,-
CCNA_02527,2676283,-
CCNA_02527,2676402,-
CCNA_02527,2676433,-
CCNA_02527,2676499,-
CCNA_02528,2676573,+
CCNA_02531,2680406,-
CCNA_02533,2680945,-
CCNA_02534,2681158,-
CCNA_02535,2681269,+
CCNA_02535,2681291,+
CCNA_03900,2684051,+
CCNA_02538,2687079,-
CCNA_02539,2688132,+
CCNA_02540,2690727,-
CCNA_02542,2691646,+
CCNA_02543,2692188,+
CCNA_02544,2692741,-
CCNA_02545,2694497,-
CCNA_02548,2696307,+
CCNA_02547,2696372,-
CCNA_02549,2696934,+
CCNA_02549,2696954,+
CCNA_02551,2699284,+
CCNA_02552,2699421,+
CCNA_02553,2700909,-
CCNA_02554,2702239,+
CCNA_02555,2703112,-
CCNA_02556,2703649,-
CCNA_02562,2710554,-
CCNA_02563,2712103,-
CCNA_02564,2713165,-
CCNA_02565,2713242,+
CCNA_02567,2716613,+
CCNA_02567,2718322,+
CCNA_02569,2721236,-
CCNA_02570,2721502,-
CCNA_02571,2722817,+
CCNA_02571,2722962,-
CCNA_02571,2723255,-
CCNA_02572,2724537,+
CCNA_02572,2725003,-
CCNA_02572,2725781,-
CCNA_02575,2727659,-
CCNA_02576,2727681,+
CCNA_02576,2727713,+
CCNA_02576,2727764,+
CCNA_02576,2727792,+
CCNA_02578,2729204,-
CCNA_02579,2729879,+
CCNA_02581,2731667,+
CCNA_02583,2732389,+
CCNA_03970,2733390,-
CCNA_02586,2734094,+
CCNA_02586,2734114,+
CCNA_02586,2735769,-
CCNA_02588,2739206,-
CCNA_02589,2739286,+
CCNA_02589,2739298,+
CCNA_02591,2740538,+
CCNA_02595,2743618,-
CCNA_02596,2744422,-
CCNA_02596,2744457,-
CCNA_02598,2745116,+
CCNA_02599,2745402,-
CCNA_02601,2747566,-
CCNA_02606,2753826,-
CCNA_02606,2753841,-
CCNA_02607,2753851,+
CCNA_02608,2755270,+
CCNA_02612,2760739,+
CCNA_02612,2761128,-
CCNA_02612,2761162,-
CCNA_02614,2762714,-
CCNA_02619,2767181,+
CCNA_02621,2768558,+
CCNA_03971,2773187,-
CCNA_03971,2773216,-
CCNA_02624,2774920,-
CCNA_02625,2775845,-
CCNA_02627,2778327,-
CCNA_R0170,2778348,+
CCNA_02630,2781007,-
CCNA_02632,2782070,+
CCNA_02632,2782082,+
CCNA_02632,2782097,+
CCNA_02633,2785185,-
CCNA_02640,2793649,-
CCNA_02646,2800019,-
CCNA_R0171,2800063,+
CCNA_R0061,2800694,-
CCNA_R0061,2800722,-
CCNA_02647,2801282,+
CCNA_02649,2803550,+
CCNA_02652,2805513,+
CCNA_02659,2811557,+
CCNA_02658,2811605,-
CCNA_02659,2811737,+
CCNA_02661,2812857,+
CCNA_02661,2813182,-
CCNA_02662,2817327,-
CCNA_02663,2817921,-
CCNA_02664,2818575,-
CCNA_02665,2818733,+
CCNA_02669,2822731,-
CCNA_02671,2824573,-
CCNA_02672,2824887,-
CCNA_02672,2825121,-
CCNA_02673,2825320,+
CCNA_02676,2830170,-
CCNA_02676,2830189,-
CCNA_02679,2832646,-
CCNA_02686,2839034,+
CCNA_02689,2843304,-
CCNA_02693,2846861,+
CCNA_02693,2847042,-
CCNA_02693,2848045,-
CCNA_02693,2848052,-
CCNA_02698,2851489,+
CCNA_02704,2859382,+
CCNA_02705,2862103,-
CCNA_R0069,2868265,-
CCNA_02709,2869567,-
CCNA_02711,2870361,+
CCNA_02713,2871772,+
CCNA_02714,2874621,-
CCNA_02715,2875084,+
CCNA_02715,2875106,+
CCNA_02715,2875935,-
CCNA_02716,2877358,+
CCNA_02716,2877939,-
CCNA_02720,2881568,-
CCNA_02722,2885684,-
CCNA_02722,2885832,-
CCNA_02725,2889018,-
CCNA_R0063,2889177,+
CCNA_R0063,2889204,+
CCNA_02726,2889663,-
CCNA_02726,2889874,-
CCNA_03973,2889891,+
CCNA_02726,2889918,-
CCNA_02728,2891064,+
CCNA_02732,2895210,-
CCNA_02733,2895859,-
CCNA_02734,2897172,-
CCNA_02734,2897194,-
CCNA_02735,2897814,-
CCNA_02737,2898928,-
CCNA_03974,2899829,+
CCNA_02741,2901445,+
CCNA_02741,2901494,+
CCNA_02741,2901515,+
CCNA_02746,2908936,-
CCNA_02747,2910147,-
CCNA_02748,2910264,+
CCNA_02752,2914898,-
CCNA_R0071,2919414,+
CCNA_02758,2921741,+
CCNA_02759,2922245,+
CCNA_02759,2922255,+
CCNA_02760,2923161,+
CCNA_02760,2923175,+
CCNA_02760,2923196,+
CCNA_02761,2923679,+
CCNA_02762,2924789,-
CCNA_02763,2926088,-
CCNA_02764,2926657,-
CCNA_02767,2927759,-
CCNA_02768,2928724,+
CCNA_02771,2931485,+
CCNA_02774,2933639,+
CCNA_02774,2933943,-
CCNA_02776,2936239,-
CCNA_02776,2936251,-
CCNA_02777,2936633,-
CCNA_02779,2936654,+
CCNA_02779,2936890,-
CCNA_02779,2937399,+
CCNA_02780,2938706,+
CCNA_02780,2939202,-
CCNA_02780,2939222,-
CCNA_02782,2940246,+
CCNA_02783,2940490,+
CCNA_02783,2940595,+
CCNA_R0172,2940670,-
CCNA_02783,2941003,-
CCNA_02783,2941162,-
CCNA_02783,2941670,+
CCNA_02784,2942597,-
CCNA_02785,2943673,-
CCNA_02787,2944559,+
CCNA_02787,2944906,-
CCNA_02787,2944915,-
CCNA_02790,2946531,-
CCNA_02791,2946560,+
CCNA_02802,2959337,+
CCNA_03977,2959897,+
CCNA_02805,2960792,-
CCNA_02809,2965608,-
CCNA_02809,2966905,-
CCNA_02809,2967204,-
CCNA_02810,2967228,+
CCNA_R0173,2967588,-
CCNA_02815,2973215,+
CCNA_02817,2974312,-
CCNA_02818,2974830,+
CCNA_02820,2976192,-
CCNA_02820,2976239,-
CCNA_02820,2976403,-
CCNA_02820,2976725,-
CCNA_R0174,2977449,+
CCNA_02821,2978135,+
CCNA_02821,2978272,+
CCNA_02821,2978302,+
CCNA_03979,2979638,+
CCNA_02822,2979655,-
CCNA_03978,2979865,-
CCNA_03978,2979890,-
CCNA_02823,2980021,-
CCNA_02824,2980257,-
CCNA_02826,2981076,+
CCNA_03980,2984834,-
CCNA_02830,2985133,-
CCNA_02831,2985192,+
CCNA_02833,2987295,+
CCNA_02833,2987303,+
CCNA_02836,2990119,-
CCNA_02836,2990138,-
CCNA_02840,2994266,+
CCNA_02842,2996694,-
CCNA_02844,2997483,-
CCNA_02845,2998223,-
CCNA_02845,2998264,-
CCNA_02846,2999446,+
CCNA_02846,3000301,-
CCNA_02846,3000314,-
CCNA_02846,3000365,-
CCNA_02850,3004585,-
CCNA_02852,3006741,-
CCNA_02856,3010116,-
CCNA_02860,3013084,-
CCNA_02866,3018943,+
CCNA_02873,3023436,+
CCNA_02888,3036240,-
CCNA_02889,3038002,-
CCNA_02892,3039989,+
CCNA_02893,3041020,+
CCNA_02894,3042730,-
CCNA_02894,3042740,+
CCNA_02895,3045964,+
CCNA_02901,3056212,-
CCNA_02910,3069410,-
CCNA_02912,3069882,+
CCNA_02914,3071572,+
CCNA_02922,3082478,-
CCNA_02923,3082823,+
CCNA_02923,3082831,+
CCNA_02923,3082845,+
CCNA_02923,3084829,+
CCNA_02924,3086642,-
CCNA_02925,3086778,+
CCNA_02926,3088290,+
CCNA_02930,3091427,-
CCNA_R0176,3091482,-
CCNA_02931,3091871,-
CCNA_02933,3092164,+
CCNA_02933,3092768,-
CCNA_02933,3093786,-
CCNA_02935,3097187,-
CCNA_02937,3098651,-
CCNA_02939,3099386,+
CCNA_02941,3101479,+
CCNA_03981,3103501,+
CCNA_03982,3103715,+
CCNA_02944,3103926,+
CCNA_02954,3113527,+
CCNA_02961,3118670,-
CCNA_03983,3118694,+
CCNA_03983,3118708,+
CCNA_02962,3118998,+
CCNA_03984,3119822,-
CCNA_02966,3122738,-
CCNA_02967,3122848,-
CCNA_03902,3125314,+
CCNA_02969,3125981,+
CCNA_02971,3128095,-
CCNA_02976,3131862,-
CCNA_02977,3132046,+
CCNA_02978,3132835,+
CCNA_02979,3134495,-
CCNA_02980,3135833,-
CCNA_02980,3136372,-
CCNA_02983,3138328,+
CCNA_02994,3150221,-
CCNA_02996,3151972,+
CCNA_02997,3152957,-
CCNA_03904,3153160,+
CCNA_03001,3155538,-
CCNA_03002,3156322,-
CCNA_03003,3156442,+
CCNA_03006,3159561,+
CCNA_03008,3162456,+
CCNA_03010,3164513,-
CCNA_03011,3164911,-
CCNA_03012,3165236,+
CCNA_03011,3165273,-
CCNA_03012,3165528,-
CCNA_03014,3167875,-
CCNA_03014,3168107,-
CCNA_03014,3168114,-
CCNA_03014,3168464,-
CCNA_03023,3177721,+
CCNA_03023,3178762,+
CCNA_03025,3179982,+
CCNA_03025,3179991,+
CCNA_03024,3180223,-
CCNA_03027,3182858,+
CCNA_03029,3184722,-
CCNA_03030,3184755,+
CCNA_03033,3188051,+
CCNA_03032,3188065,-
CCNA_03033,3188448,+
CCNA_03033,3188454,+
CCNA_03034,3189129,-
CCNA_03041,3197729,-
CCNA_03042,3198374,-
CCNA_03043,3198774,-
CCNA_03044,3198994,+
CCNA_03048,3203051,-
CCNA_03050,3205394,-
CCNA_03056,3210677,-
CCNA_03060,3212691,+
CCNA_03060,3212717,+
CCNA_03062,3215042,-
CCNA_03064,3216806,-
CCNA_03066,3217571,-
CCNA_03066,3219463,-
CCNA_03071,3221463,+
CCNA_03072,3222851,+
CCNA_03076,3226675,-
CCNA_03080,3228841,-
CCNA_03082,3230646,-
CCNA_03082,3230664,-
CCNA_03082,3230740,-
CCNA_03082,3230751,-
CCNA_03084,3234414,-
CCNA_03089,3239253,-
CCNA_03090,3240247,-
CCNA_03091,3240348,+
CCNA_03091,3240415,+
CCNA_03092,3240757,+
CCNA_03092,3241348,+
CCNA_03094,3243963,-
CCNA_03095,3245026,-
CCNA_03097,3249241,-
CCNA_03098,3249364,+
CCNA_03099,3251103,-
CCNA_03100,3251405,-
CCNA_03103,3253923,+
CCNA_03105,3256478,-
CCNA_03106,3256497,+
CCNA_03106,3256513,+
CCNA_03108,3258516,+
CCNA_03108,3259320,+
CCNA_03108,3260928,-
CCNA_03110,3261779,-
CCNA_03113,3264597,-
CCNA_03115,3265383,-
CCNA_03117,3266255,+
CCNA_03118,3267310,-
CCNA_03119,3267934,-
CCNA_03120,3268034,+
CCNA_03121,3268869,-
CCNA_03125,3271345,-
CCNA_03130,3279712,-
CCNA_03130,3279737,-
CCNA_03130,3279769,-
CCNA_03131,3280865,-
CCNA_03135,3282792,+
CCNA_03136,3284112,+
CCNA_03986,3285826,-
CCNA_03986,3285917,-
CCNA_03138,3285995,+
CCNA_R0182,3288242,+
CCNA_03139,3290345,-
CCNA_03142,3294102,-
CCNA_03142,3294109,-
CCNA_03142,3294260,-
CCNA_R0183,3294320,+
CCNA_03142,3294538,-
CCNA_03143,3296437,-
CCNA_03146,3298806,+
CCNA_03146,3299103,-
CCNA_03155,3311266,+
CCNA_03161,3316680,+
CCNA_03164,3320579,+
CCNA_03164,3321978,+
CCNA_03164,3321986,+
CCNA_03168,3327748,-
CCNA_03169,3327890,+
CCNA_03171,3330364,-
CCNA_03173,3333091,+
CCNA_03177,3336955,+
CCNA_03178,3338109,-
CCNA_03181,3340268,+
CCNA_03182,3342315,-
CCNA_03183,3342333,+
CCNA_03183,3344053,-
CCNA_03185,3345788,+
CCNA_03191,3353664,-
CCNA_03191,3353688,-
CCNA_03193,3355001,-
CCNA_03987,3355484,+
CCNA_03194,3355485,-
CCNA_03987,3355515,+
CCNA_03194,3355531,-
CCNA_03987,3355551,+
CCNA_03198,3358604,-
CCNA_03200,3361660,-
CCNA_03201,3363139,-
CCNA_03203,3363862,+
CCNA_03202,3363888,-
CCNA_03204,3364842,+
CCNA_03205,3366372,+
CCNA_03205,3366384,+
CCNA_03208,3370770,-
CCNA_03208,3371517,+
CCNA_03213,3375420,+
CCNA_03214,3376208,-
CCNA_03216,3377926,-
CCNA_03218,3378652,+
CCNA_03221,3382985,+
CCNA_03224,3386972,-
CCNA_03224,3386990,-
CCNA_03227,3392071,-
CCNA_03227,3392151,-
CCNA_03988,3397198,+
CCNA_03988,3397219,+
CCNA_03236,3401835,+
CCNA_03236,3401867,-
CCNA_03238,3402206,+
CCNA_03239,3404063,+
CCNA_03243,3409490,-
CCNA_03246,3413590,-
CCNA_03247,3413599,+
CCNA_03247,3413676,+
CCNA_03247,3415237,+
CCNA_03247,3415245,+
CCNA_03247,3415376,-
CCNA_03248,3416757,-
CCNA_03248,3416764,-
CCNA_03248,3417798,-
CCNA_03249,3419648,-
CCNA_03249,3420342,+
CCNA_03989,3423190,-
CCNA_03255,3427074,-
CCNA_03256,3427166,+
CCNA_03990,3428389,+
CCNA_03263,3431848,+
CCNA_03263,3433012,-
CCNA_03263,3433055,-
CCNA_03263,3433069,-
CCNA_03263,3433088,-
CCNA_03263,3433751,-
CCNA_03263,3434486,+
CCNA_03266,3436996,-
CCNA_03267,3437306,+
CCNA_03268,3438213,-
CCNA_03269,3438217,+
CCNA_03269,3438263,+
CCNA_03269,3438335,+
CCNA_03272,3441211,+
CCNA_03272,3441329,+
CCNA_R0075,3443959,-
CCNA_03278,3446265,-
CCNA_03280,3447942,-
CCNA_03280,3450975,-
CCNA_03281,3451002,+
CCNA_03283,3453744,-
CCNA_03287,3456741,-
CCNA_03288,3456818,+
CCNA_03289,3457076,-
CCNA_03290,3457748,+
CCNA_03292,3460055,+
CCNA_03292,3460092,+
CCNA_R0188,3462949,+
CCNA_03294,3464543,-
CCNA_03295,3465376,+
CCNA_03296,3466625,+
CCNA_03298,3469983,+
CCNA_03299,3472678,+
CCNA_03302,3479186,+
CCNA_03302,3479477,-
CCNA_03304,3481112,+
CCNA_03305,3483753,-
CCNA_03306,3484262,-
CCNA_03308,3484361,+
CCNA_03308,3484384,+
CCNA_03309,3485079,+
CCNA_03310,3486968,-
CCNA_03310,3486978,-
CCNA_03311,3487196,-
CCNA_R0076,3487601,-
CCNA_03313,3488390,-
CCNA_03314,3488638,+
CCNA_03314,3488744,+
CCNA_03316,3491075,+
CCNA_03317,3495694,+
CCNA_03319,3498737,-
CCNA_03322,3504156,+
CCNA_03324,3505808,+
CCNA_03324,3505837,+
CCNA_03327,3508655,+
CCNA_03330,3510375,+
CCNA_03331,3511371,-
CCNA_03331,3511381,-
CCNA_03332,3512258,-
CCNA_03333,3513795,-
CCNA_03334,3516442,-
CCNA_03337,3519219,-
CCNA_03338,3520741,-
CCNA_03341,3522755,+
CCNA_03341,3522811,-
CCNA_03347,3526456,+
CCNA_03348,3527996,+
CCNA_03348,3528025,+
CCNA_03351,3530305,+
CCNA_03351,3530329,+
CCNA_03351,3530345,+
CCNA_03352,3531240,-
CCNA_R0077,3532960,+
CCNA_R0077,3533067,-
CCNA_03355,3535101,-
CCNA_03355,3535110,-
CCNA_03355,3535125,-
CCNA_03357,3535969,-
CCNA_03357,3535977,-
CCNA_03358,3536061,+
CCNA_03905,3540545,-
CCNA_03363,3541950,+
CCNA_03367,3544502,+
CCNA_03369,3546114,-
CCNA_03371,3547229,-
CCNA_03371,3547236,-
CCNA_03372,3547570,-
CCNA_03373,3547674,+
CCNA_03374,3548375,+
CCNA_03377,3550622,-
CCNA_03378,3550759,+
CCNA_03378,3550766,+
CCNA_03382,3554362,-
CCNA_03383,3557108,-
CCNA_03384,3557132,+
CCNA_03383,3557206,-
CCNA_03385,3558134,-
CCNA_03395,3566398,+
CCNA_03395,3566429,+
CCNA_03397,3568858,-
CCNA_03398,3569503,-
CCNA_03400,3570100,+
CCNA_03401,3571106,-
CCNA_03401,3571141,-
CCNA_03402,3572233,-
CCNA_03403,3572263,+
CCNA_03404,3572525,+
CCNA_03404,3572550,+
CCNA_03404,3572562,+
CCNA_03404,3572626,+
CCNA_03405,3573867,-
CCNA_03406,3573942,+
CCNA_03408,3576727,-
CCNA_03409,3577687,-
CCNA_03409,3577696,-
CCNA_03410,3578625,-
CCNA_03415,3582660,+
CCNA_03415,3582723,-
CCNA_03415,3582735,-
CCNA_03421,3587997,-
CCNA_03423,3590131,-
CCNA_03424,3590205,+
CCNA_03423,3590219,-
CCNA_03423,3590244,-
CCNA_03426,3592579,-
CCNA_03428,3593176,+
CCNA_03428,3593296,-
CCNA_03431,3594055,+
CCNA_03430,3594185,-
CCNA_03431,3594318,+
CCNA_03432,3596477,-
CCNA_03434,3598648,+
CCNA_03439,3603431,-
CCNA_03443,3605778,-
CCNA_03443,3605856,-
CCNA_03444,3605938,+
CCNA_03449,3615491,-
CCNA_03451,3616175,+
CCNA_03453,3617256,+
CCNA_03454,3618080,+
CCNA_03454,3618147,+
CCNA_03458,3621642,-
CCNA_03992,3621854,-
CCNA_03464,3628126,-
CCNA_03464,3628203,-
CCNA_03465,3629507,-
CCNA_03909,3637582,-
CCNA_03471,3637666,+
CCNA_03472,3638861,-
CCNA_03474,3639754,-
CCNA_03474,3639786,-
CCNA_03475,3639847,+
CCNA_03478,3641722,+
CCNA_03483,3646554,-
CCNA_03485,3648077,-
CCNA_03486,3648524,-
CCNA_03487,3648686,+
CCNA_03488,3649471,-
CCNA_03490,3650782,-
CCNA_03491,3651680,-
CCNA_03493,3653120,-
CCNA_03495,3655137,-
CCNA_03497,3656039,+
CCNA_03500,3658564,-
CCNA_03501,3659596,-
CCNA_03503,3661494,-
CCNA_03503,3661505,-
CCNA_03505,3663995,-
CCNA_03505,3664061,-
CCNA_03506,3664090,+
CCNA_03507,3664998,+
CCNA_03507,3666472,-
CCNA_03510,3669191,+
CCNA_03513,3671907,-
CCNA_03515,3672713,-
CCNA_03517,3674221,+
CCNA_03517,3674232,+
CCNA_03517,3674654,+
CCNA_03517,3674660,+
CCNA_03517,3674666,+
CCNA_03517,3674677,+
CCNA_03517,3675505,-
CCNA_03518,3676005,+
CCNA_03518,3676595,-
CCNA_03519,3676797,+
CCNA_03527,3684904,-
CCNA_03529,3685728,+
CCNA_03533,3692168,-
CCNA_03537,3695759,+
CCNA_03538,3697019,-
CCNA_03542,3699400,+
CCNA_R0193,3699499,+
CCNA_03543,3700034,+
CCNA_03545,3702049,+
CCNA_03545,3702213,-
CCNA_03548,3704094,+
CCNA_03548,3704185,+
CCNA_03549,3706614,+
CCNA_03549,3706636,+
CCNA_03553,3710008,+
CCNA_03554,3710441,+
CCNA_03554,3711204,-
CCNA_03554,3711222,-
CCNA_03555,3711859,+
CCNA_03557,3713862,-
CCNA_03557,3713873,-
CCNA_03562,3718676,-
CCNA_03563,3719376,-
CCNA_03564,3719677,-
CCNA_03565,3720281,-
CCNA_03993,3720825,-
CCNA_03567,3721325,-
CCNA_03568,3722307,+
CCNA_03571,3725204,-
CCNA_03994,3725371,-
CCNA_03573,3727648,-
CCNA_03574,3727854,-
CCNA_03574,3727882,+
CCNA_03574,3730192,-
CCNA_03575,3730387,+
CCNA_03577,3734884,-
CCNA_03579,3736878,+
CCNA_03581,3737998,+
CCNA_03583,3739847,-
CCNA_03583,3739859,-
CCNA_03585,3740751,+
CCNA_03587,3742209,-
CCNA_03590,3744742,-
CCNA_03590,3744802,-
CCNA_03591,3744861,+
CCNA_03591,3744910,+
CCNA_03591,3744944,+
CCNA_03593,3747843,-
CCNA_03598,3750260,+
CCNA_03995,3752731,+
CCNA_03600,3754120,+
CCNA_03601,3754959,+
CCNA_03603,3757600,-
CCNA_03604,3759238,-
CCNA_03604,3759323,-
CCNA_03605,3760267,-
CCNA_03607,3760786,+
CCNA_03607,3761694,+
CCNA_03607,3762321,-
CCNA_03609,3764139,-
CCNA_03610,3765182,-
CCNA_03612,3767304,-
CCNA_03619,3773464,+
CCNA_03619,3774716,+
CCNA_03622,3777488,+
CCNA_03623,3778826,-
CCNA_03624,3780218,-
CCNA_03625,3780290,+
CCNA_R0093,3781500,-
CCNA_03628,3785405,-
CCNA_03629,3785763,-
CCNA_03629,3785973,-
CCNA_03629,3786194,+
CCNA_03629,3786307,-
CCNA_03630,3786639,+
CCNA_03630,3786655,+
CCNA_03630,3786919,-
CCNA_03632,3787205,+
CCNA_R0083,3792654,-
CCNA_R0087,3797928,-
CCNA_R0087,3798024,-
CCNA_03639,3798967,-
CCNA_03645,3804243,+
CCNA_03645,3804564,-
CCNA_03648,3806432,+
CCNA_03653,3815351,+
CCNA_03653,3815379,+
CCNA_03910,3816154,-
CCNA_03656,3818454,-
CCNA_03658,3820558,-
CCNA_03659,3821166,-
CCNA_03659,3821174,-
CCNA_03660,3821440,+
CCNA_03660,3821519,-
CCNA_03663,3824817,-
CCNA_03666,3829041,+
CCNA_03666,3829074,+
CCNA_03668,3830272,-
CCNA_03669,3830759,-
CCNA_03670,3830863,+
CCNA_03672,3833108,+
CCNA_03672,3833215,-
CCNA_03674,3834178,-
CCNA_03674,3834204,-
CCNA_03675,3834296,+
CCNA_03678,3837865,+
CCNA_03677,3837889,-
CCNA_03680,3839215,+
CCNA_03680,3839489,-
CCNA_03680,3841630,+
CCNA_03680,3842189,+
CCNA_03680,3842198,+
CCNA_03680,3842288,+
CCNA_03680,3842387,+
CCNA_03681,3843788,-
CCNA_03681,3843816,-
CCNA_03684,3845303,+
CCNA_03686,3853337,-
CCNA_03688,3854765,-
CCNA_03689,3854862,+
CCNA_03691,3857869,-
CCNA_03693,3859858,-
CCNA_03695,3861069,+
CCNA_03695,3861529,-
CCNA_03696,3863779,-
CCNA_03699,3865623,+
CCNA_03700,3869142,-
CCNA_03701,3869514,-
CCNA_03701,3869525,-
CCNA_03702,3871470,-
CCNA_03702,3871602,-
CCNA_03704,3873677,-
CCNA_03705,3873722,+
CCNA_03704,3873745,-
CCNA_R0089,3874359,+
CCNA_03706,3874615,+
CCNA_03710,3877095,-
CCNA_03711,3877603,-
CCNA_03711,3877617,-
CCNA_03712,3878398,-
CCNA_03712,3878405,-
CCNA_03713,3879854,-
CCNA_03713,3879862,-
CCNA_03715,3881401,-
CCNA_03715,3881413,-
CCNA_03715,3881424,-
CCNA_03718,3882985,+
CCNA_03721,3885172,+
CCNA_03721,3885181,+
CCNA_03722,3887625,-
CCNA_03726,3895516,-
CCNA_03726,3895557,-
CCNA_03728,3896952,+
CCNA_03728,3897026,-
CCNA_03731,3899293,-
CCNA_03732,3899376,+
CCNA_03733,3901894,-
CCNA_03734,3904020,-
CCNA_03735,3904139,+
CCNA_03735,3904157,+
CCNA_R0091,3906530,-
CCNA_R0091,3906567,-
CCNA_03736,3906611,+
CCNA_03736,3906756,-
CCNA_03738,3907386,+
CCNA_03740,3910618,-
CCNA_03743,3913569,-
CCNA_03745,3915606,-
CCNA_03746,3915780,+
CCNA_03748,3918127,+
CCNA_03750,3919777,+
CCNA_03751,3921562,-
CCNA_03752,3921682,+
CCNA_03754,3924399,-
CCNA_03758,3928131,+
CCNA_03759,3930306,-
CCNA_03760,3930444,+
CCNA_03760,3930464,+
CCNA_03760,3930474,+
CCNA_03762,3931538,+
CCNA_03768,3937043,-
CCNA_03769,3937760,-
CCNA_03771,3938947,+
CCNA_03773,3941602,-
CCNA_03777,3943543,+
CCNA_03777,3944537,-
CCNA_03778,3945396,-
CCNA_03779,3945886,-
CCNA_03781,3949863,+
CCNA_03781,3950133,-
CCNA_03997,3952613,+
CCNA_03793,3957831,-
CCNA_03803,3968733,+
CCNA_03805,3970859,-
CCNA_03806,3971028,+
CCNA_03813,3976534,+
CCNA_03816,3981330,+
CCNA_03817,3982579,+
CCNA_03818,3983051,-
CCNA_03819,3983831,+
CCNA_R0199,3987216,+
CCNA_03821,3987369,+
CCNA_03823,3989104,+
CCNA_03825,3991462,-
CCNA_03827,3992346,+
CCNA_03826,3992352,-
CCNA_03827,3992451,+
CCNA_03830,3994572,+
CCNA_03830,3994607,+
CCNA_03833,3998836,-
CCNA_03835,4002139,-
CCNA_03836,4002472,-
CCNA_03838,4003129,+
CCNA_03839,4005849,+
CCNA_03839,4005950,-
CCNA_03839,4005960,+
CCNA_03840,4007786,-
CCNA_03841,4008829,-
CCNA_03842,4009733,-
CCNA_03850,4015812,+
CCNA_03858,4021668,+
CCNA_03857,4021675,-
CCNA_03859,4022952,-
CCNA_03862,4024080,+
CCNA_03861,4024219,-
CCNA_03863,4025293,-
CCNA_03864,4025441,+
CCNA_03869,4031926,-
CCNA_03869,4032449,-
CCNA_03871,4034837,-
CCNA_03873,4036592,-
CCNA_03873,4036613,-
CCNA_03874,4036636,+
CCNA_03877,4040499,+
CCNA_03879,4042684,-
CCNA_03879,4042735,-
